-- phpMyAdmin SQL Dump
-- version 5.0.2
-- https://www.phpmyadmin.net/
--
-- Host: db
-- Generation Time: Jun 07, 2020 at 02:10 AM
-- Server version: 8.0.20
-- PHP Version: 7.4.6

SET SQL_MODE = "NO_AUTO_VALUE_ON_ZERO";
START TRANSACTION;
SET time_zone = "+00:00";


/*!40101 SET @OLD_CHARACTER_SET_CLIENT=@@CHARACTER_SET_CLIENT */;
/*!40101 SET @OLD_CHARACTER_SET_RESULTS=@@CHARACTER_SET_RESULTS */;
/*!40101 SET @OLD_COLLATION_CONNECTION=@@COLLATION_CONNECTION */;
/*!40101 SET NAMES utf8mb4 */;

--
-- Database: `test-db`
--

--
-- Dumping data for table `teams`
--

INSERT INTO `teams` (`id`, `name`) VALUES
(1, 'Chief'),
(2, 'Operation'),
(3, 'Admin'),
(4, 'Accountant'),
(5, 'Tester'),
(6, 'Data'),
(7, 'Customer'),
(8, 'Product'),
(9, 'Developer');

--
-- Dumping data for table `teams_seq`
--

INSERT INTO `teams_seq` (`next_val`) VALUES
(1);
COMMIT;

--
-- Dumping data for table `addresses`
--

INSERT INTO `addresses` (`id`, `district`, `sub_district`, `other`, `postal_code`, `province`) VALUES
(1, 'เขตพระนคร', 'พระบรมมหาราชวัง', '', '10200', 'กรุงเทพ'),
(2, 'เขตพระนคร', 'วังบูรพาภิรมย์', '', '10200', 'กรุงเทพ'),
(3, 'เขตพระนคร', 'วัดราชบพิธ', '', '10200', 'กรุงเทพ'),
(4, 'เขตพระนคร', 'สำราญราษฎร์', '', '10200', 'กรุงเทพ'),
(5, 'เขตพระนคร', 'ศาลเจ้าพ่อเสือ', '', '10200', 'กรุงเทพ'),
(6, 'เขตพระนคร', 'เสาชิงช้า', '', '10200', 'กรุงเทพ'),
(7, 'เขตพระนคร', 'บวรนิเวศ', '', '10200', 'กรุงเทพ'),
(8, 'เขตพระนคร', 'ตลาดยอด', '', '10200', 'กรุงเทพ'),
(9, 'เขตพระนคร', 'ชนะสงคราม', '', '10200', 'กรุงเทพ'),
(10, 'เขตพระนคร', 'บ้านพานถม', '', '10200', 'กรุงเทพ'),
(11, 'เขตพระนคร', 'บางขุนพรหม', '', '10200', 'กรุงเทพ'),
(12, 'เขตพระนคร', 'วัดสามพระยา', '', '10200', 'กรุงเทพ'),
(13, 'เขตดุสิต', 'ดุสิต', '', '10300', 'กรุงเทพ'),
(14, 'เขตดุสิต', 'วชิรพยาบาล', '', '10300', 'กรุงเทพ'),
(15, 'เขตดุสิต', 'สวนจิตรลดา', '', '10300', 'กรุงเทพ'),
(16, 'เขตดุสิต', 'สี่แยกมหานาค', '', '10300', 'กรุงเทพ'),
(17, 'เขตดุสิต', 'ถนนนครไชยศรี', '', '10300', 'กรุงเทพ'),
(18, 'เขตหนองจอก', 'กระทุ่มราย', '', '10530', 'กรุงเทพ'),
(19, 'เขตหนองจอก', 'หนองจอก', '', '10530', 'กรุงเทพ'),
(20, 'เขตหนองจอก', 'คลองสิบ', '', '10530', 'กรุงเทพ'),
(21, 'เขตหนองจอก', 'คลองสิบสอง', '', '10530', 'กรุงเทพ'),
(22, 'เขตหนองจอก', 'โคกแฝด', '', '10530', 'กรุงเทพ'),
(23, 'เขตหนองจอก', 'คู้ฝั่งเหนือ', '', '10530', 'กรุงเทพ'),
(24, 'เขตหนองจอก', 'ลำผักชี', '', '10530', 'กรุงเทพ'),
(25, 'เขตหนองจอก', 'ลำต้อยติ่ง', '', '10530', 'กรุงเทพ'),
(26, 'เขตบางรัก', 'มหาพฤฒาราม', '', '10500', 'กรุงเทพ'),
(27, 'เขตบางรัก', 'สีลม', '', '10500', 'กรุงเทพ'),
(28, 'เขตบางรัก', 'สุริยวงศ์', '', '10500', 'กรุงเทพ'),
(29, 'เขตบางรัก', 'บางรัก', '', '10500', 'กรุงเทพ'),
(30, 'เขตบางรัก', 'สี่พระยา', '', '10500', 'กรุงเทพ'),
(31, 'เขตบางเขน', 'อนุสาวรีย์', '', '10220', 'กรุงเทพ'),
(32, 'เขตบางเขน', 'ท่าแร้ง', '', '10220', 'กรุงเทพ'),
(33, 'เขตบางกะปิ', 'คลองจั่น', '', '10240', 'กรุงเทพ'),
(34, 'เขตบางกะปิ', 'หัวหมาก', '', '10240', 'กรุงเทพ'),
(35, 'เขตปทุมวัน', 'รองเมือง', '', '10330', 'กรุงเทพ'),
(36, 'เขตปทุมวัน', 'วังใหม่', '', '10330', 'กรุงเทพ'),
(37, 'เขตปทุมวัน', 'ปทุมวัน', '', '10330', 'กรุงเทพ'),
(38, 'เขตปทุมวัน', 'ลุมพินี', '', '10330', 'กรุงเทพ'),
(39, 'เขตป้อมปราบศัตรูพ่าย', 'ป้อมปราบ', '', '10100', 'กรุงเทพ'),
(40, 'เขตป้อมปราบศัตรูพ่าย', 'วัดเทพศิรินทร์', '', '10100', 'กรุงเทพ'),
(41, 'เขตป้อมปราบศัตรูพ่าย', 'คลองมหานาค', '', '10100', 'กรุงเทพ'),
(42, 'เขตป้อมปราบศัตรูพ่าย', 'บ้านบาตร', '', '10100', 'กรุงเทพ'),
(43, 'เขตป้อมปราบศัตรูพ่าย', 'วัดโสมนัส', '', '10100', 'กรุงเทพ'),
(44, 'เขตพระโขนง', 'บางจาก', '', '10260', 'กรุงเทพ'),
(45, 'เขตพระโขนง', 'พระโขนงใต้', '', '10260', 'กรุงเทพ'),
(46, 'เขตมีนบุรี', 'มีนบุรี', '', '10510', 'กรุงเทพ'),
(47, 'เขตมีนบุรี', 'แสนแสบ', '', '10510', 'กรุงเทพ'),
(48, 'เขตลาดกระบัง', 'ลาดกระบัง', '', '10520', 'กรุงเทพ'),
(49, 'เขตลาดกระบัง', 'คลองสองต้นนุ่น', '', '10520', 'กรุงเทพ'),
(50, 'เขตลาดกระบัง', 'คลองสามประเวศ', '', '10520', 'กรุงเทพ'),
(51, 'เขตลาดกระบัง', 'ลำปลาทิว', '', '10520', 'กรุงเทพ'),
(52, 'เขตลาดกระบัง', 'ทับยาว', '', '10520', 'กรุงเทพ'),
(53, 'เขตลาดกระบัง', 'ขุมทอง', '', '10520', 'กรุงเทพ'),
(54, 'เขตยานนาวา', 'ช่องนนทรี', '', '10120', 'กรุงเทพ'),
(55, 'เขตยานนาวา', 'บางโพงพาง', '', '10120', 'กรุงเทพ'),
(56, 'เขตสัมพันธวงศ์', 'จักรวรรดิ', '', '10100', 'กรุงเทพ'),
(57, 'เขตสัมพันธวงศ์', 'พระบรมมหาราชวัง', '', '10100', 'กรุงเทพ'),
(58, 'เขตสัมพันธวงศ์', 'วังบูรพาภิรมย์', '', '10100', 'กรุงเทพ');

--
-- Dumping data for table `members`
--

INSERT INTO `members` (`id`, `first_name`, `last_name`, `nick_name`, `position`, `address_id`, `leader_id`, `team_id`) VALUES
(1, 'Honda', 'Honda', 'Honda', 'CEO', 1, NULL, 1),
(2, 'Nan', 'Nan', 'Nan', 'CMO', 2, NULL, 1),
(3, 'Dto', 'Dto', 'Dto', 'CTO', 3, NULL, 1),
(4, 'Benz', 'Benz', 'Benz', 'Operation Manager', 13, NULL, 2),
(5, 'Nid', 'Nid', 'Nid', 'Admin', 14, NULL, 3),
(6, 'Yok', 'Yok', 'Yok', 'Account Manager', 15, NULL, 4),
(7, 'Ice', 'Ice', 'Ice', 'Accountant', 44, NULL, 4),
(8, 'Hut', 'Hut', 'Hut', 'Admin', 45, NULL, 3),
(9, 'Tao', 'Tao', 'Tao', 'Senior Front End Developer', 46, NULL, 9),
(10, 'Inn', 'Inn', 'Inn', 'Back End Developer', 47, 3, 9),
(11, 'Pure', 'Pure', 'Pure', 'Front End Developer', 5, 9, 9),
(12, 'Da', 'Da', 'Da', 'Front End Developer', 6, 9, 9),
(13, 'Gib', 'Gib', 'Gib', 'Tester', 7, NULL, 5),
(14, 'Wut', 'Wut', 'Wut', 'Data Analyst', 8, NULL, 6),
(15, 'Nisa', 'Nisa', 'Nisa', 'Customer Support', 9, NULL, 7),
(16, 'Kritsana', 'Kritsana', 'Kritsana', 'Customer Support', 10, NULL, 7),
(17, 'Panu', 'Panu', 'Panu', 'Customer Support', 33, NULL, 7),
(18, 'Kaew', 'Kaew', 'Kaew', 'Customer Support', 33, NULL, 7),
(19, 'Dun', 'Dun', 'Dun', 'Product Specialist', 22, NULL, 8),
(20, 'Nong', 'Nong', 'Nong', 'Product Specialist', 11, NULL, 8);


/*!40101 SET CHARACTER_SET_CLIENT=@OLD_CHARACTER_SET_CLIENT */;
/*!40101 SET CHARACTER_SET_RESULTS=@OLD_CHARACTER_SET_RESULTS */;
/*!40101 SET COLLATION_CONNECTION=@OLD_COLLATION_CONNECTION */;
